station_code,average_delay_minutes,pct_right_time,pct_slight_delay,pct_significant_delay,pct_cancelled_unknown
AAY,30.8811,20.0,76.66499999999999,3.33,0.0
AB,16.5,48.335,51.665,0.0,0.0
ABI,14.5,68.22,31.37,0.41,0.0
ABKA,25.5,67.75,20.525,11.729999999999999,0.0
ABR,9.0,85.0,13.335,1.665,0.0
AD,34.375,41.35875,49.68875,8.95125,0.00125
ADI,0.0,96.0,4.0,0.0,0.0
AFK,34.5,16.67,70.0,13.329999999999998,0.0
AGC,25.642857142857142,56.66142857142857,36.184285714285714,7.114285714285714,0.04
AGI,48.0,10.935,61.98,27.08,0.005
AHA,22.0,62.965,27.075,7.35,2.61
AII,11.0,80.0,18.335,1.665,0.0
AJJ,29.72905625,58.554375,31.74375,9.70125,0.00125
AK,429.5,3.605,0.48,36.53,59.385
AKE,39.0,23.33,56.67,20.0,0.0
AKP,117.0,12.125,19.66,68.08,0.135
ALLP,52.0,3.335,63.335,33.33,0.0
ALU,31.0,38.335,51.67,10.0,0.0
ANG,63.5,0.0,75.0,25.0,0.0
ANKL,49.0,18.75,45.835,35.415,0.0
ANND,6.5,94.0,6.0,0.0,0.0
ANV,119.0,6.985,22.689999999999998,70.185,0.14
ANVT,23.25,74.1275,7.9625,16.815,1.095
ARA,55.166666666666664,29.296666666666667,51.69333333333333,18.28,0.7316666666666666
ASN,23.049833333333336,57.55666666666667,38.18666666666667,4.256666666666667,0.0
ASR,16.5,84.255,8.345,7.3975,0.0025
ATP,27.833333333333332,60.26666666666667,32.365,7.368333333333333,0.0
AUB,35.0,34.59,52.349999999999994,13.06,0.0
AVD,0.0,0.27,0.0,0.0,99.73
AWB,35.5,40.0,51.665,8.335,0.0
AWY,54.75,11.8375,72.045,16.1175,0.0
AZ,21.0,77.13999999999999,10.745000000000001,12.114999999999998,0.0
BAB,34.0,43.425,45.620000000000005,10.82,0.135
BALU,103.5206125,0.5475,23.545,75.8375,0.07
BAM,86.49751666666667,5.631666666666667,33.10333333333333,61.218333333333334,0.04666666666666667
BAQ,42.5,21.505,64.38,14.11,0.005
BARH,52.5,3.7,76.64500000000001,17.465,2.19
BAU,33.2686,41.37,44.52,14.11,0.0
BBS,89.125,4.92875,37.660000000000004,57.33,0.08125
BDC,23.0,70.21,20.560000000000002,9.229999999999999,0.005
BDMJ,27.0,3.1500000000000004,5.205,0.41000000000000003,91.235
BDTS,5.57475,57.49,0.97,2.775,38.765
BEAS,24.75,68.11500000000001,23.6525,8.23,0.0025
BGP,9.0,86.71000000000001,5.275,5.82,2.195
BGVN,21.0,30.765,65.385,3.845,0.005
BGZ,39.5,36.165000000000006,47.675,16.165,0.0
BH,12.333333333333334,81.51333333333334,16.418333333333333,2.07,0.0
BHC,72.2665,24.163333333333338,25.05666666666667,50.73333333333333,0.04666666666666667
BHP,78.25,34.615,36.54,28.845,0.0
BHS,44.0,16.299999999999997,69.03999999999999,14.655000000000001,0.005
BINA,26.666666666666668,75.645,15.486666666666666,8.865,0.0033333333333333335
BJU,20.767549999999996,56.665,38.33,5.0,0.005
BKN,3.5,85.295,11.765,2.94,0.0
BKP,47.83245,3.425,74.02000000000001,20.365,2.19
BKSC,5.8,94.0,6.0,0.0,0.0
BL,20.0,57.695,38.379999999999995,3.9275,0.0
BLS,91.7946,7.861666666666667,37.06666666666667,55.026666666666664,0.045000000000000005
BLZ,34.1268,47.535000000000004,34.38,18.080000000000002,0.005
BMO,20.0,63.335,28.335,8.335,0.0
BMT,20.0,83.33500000000001,6.665,10.0,0.0
BNC,32.0,28.335,63.33,8.335,0.0
BNGN,30.5,41.605,44.565,12.104999999999999,1.7249999999999999
BOE,49.666666666666664,33.653333333333336,16.345,17.308333333333334,32.693333333333335
BOJ,40.0,25.174999999999997,60.629999999999995,14.195,0.0
BPF,49.0,8.905,73.83500000000001,17.259999999999998,0.005
BPL,24.75961666666667,66.3225,26.5925,7.084166666666667,0.0008333333333333334
BPP,109.0,9.04,32.739999999999995,58.08,0.14
BPQ,22.158725,69.76125,21.58,8.38625,0.2725
BPRD,74.75,38.4075,30.64,30.09,0.8624999999999999
BQI,17.0,55.0,41.67,3.335,0.0
BRC,14.45925,84.313,11.007000000000001,4.68,0.001
BRYA,48.0,29.865,44.91,23.035,2.19
BRZ,41.0,44.93,37.53,17.53,0.01
BSL,85.13541666666667,35.876666666666665,33.57833333333333,30.545,0.0
BSP,299.5,22.055,10.05,67.9,0.0
BSX,52.5,6.67,73.33500000000001,20.0,0.0
BTE,28.26735,62.167500000000004,26.61,11.2225,0.0
BTI,27.5,68.63,21.095000000000002,10.275,0.0
BUP,26.0,54.54,33.835,9.020000000000001,2.605
BVI,19.7999,54.963,41.278999999999996,3.758,0.001
BVQ,12.5,69.23,30.77,0.0,0.0
BWM,32.0,66.67,15.0,18.335,0.0
BWN,9.5,50.0,50.0,0.0,0.0
BWT,62.0,39.615,36.83833333333333,23.546666666666667,0.0
BXN,29.25,64.61,23.825,11.565000000000001,0.0
BXP,29.5,52.46,36.23,11.309999999999999,0.0
BXR,58.5,28.513333333333335,47.17666666666667,23.58,0.73
BYNR,31.44415,25.0,63.195,11.805,0.0
BZA,55.2186875,29.42625,44.185625,26.245,0.1440625
BZU,45.5,21.67,58.33,20.0,0.0
CAN,38.0,25.0,63.195,11.805,0.0
CAP,111.0,1.235,37.260000000000005,61.370000000000005,0.135
CBE,14.899899999999999,87.338,8.799,3.808,0.05500000000000001
CBF,16.0,55.78333333333334,41.72,2.4966666666666666,0.0033333333333333335
CCH,26.3465,23.075,76.925,0.0,0.0
CD,54.340975,33.585,44.91,21.2325,0.27249999999999996
CDG,13.0,84.93,11.780000000000001,3.285,0.005
CGL,10.0,74.19166666666666,24.985,0.7316666666666666,0.09166666666666667
CGY,42.25,53.667500000000004,35.0575,11.275,0.0025
CHE,93.0,9.65,28.564999999999998,61.715,0.07
CKI,36.4495,28.335,56.665,15.0,0.0
CLT,21.5,43.055,50.695,6.25,0.0
CLX,108.5,8.765,33.975,57.125,0.135
CNB,24.16885,61.01428571428572,29.217857142857145,9.455,0.31285714285714283
CNGR,41.53125,58.635000000000005,30.0875,11.2775,0.0
CPK,29.208525,42.6875,47.7725,9.5375,0.0025
CPP,98.5,12.239999999999998,34.57,53.06,0.135
CRP,5.0,92.0,8.0,0.0,0.0
CRY,11.0,83.33500000000001,10.0,6.665,0.0
CSMT,70.21134166666667,76.2725,7.5025,16.132499999999997,0.09250000000000001
CSN,48.5,16.3,68.495,15.07,0.135
CTC,81.16666666666667,20.82166666666667,30.395,48.64666666666667,0.13666666666666666
CTO,43.0,48.7125,38.8975,12.389999999999999,0.0
CUR,28.46875,55.33,29.78,14.89,0.0
CVP,13.583333333333334,72.76833333333333,26.493333333333336,0.7383333333333333,0.0016666666666666668
DAA,41.5,23.560000000000002,62.74,13.565,0.135
DAB,50.5,8.335,75.0,16.665,0.0
DBA,36.31065,31.78,55.755,12.33,0.135
DBRG,8.5,83.6175,9.695,6.6850000000000005,0.0025
DD,23.780728571428572,52.77285714285714,40.39857142857142,6.825714285714286,0.0014285714285714286
DDU,21.03170625,79.52125,12.074375,8.129375,0.274375
DEC,9.5,98.33500000000001,0.0,1.665,0.0
DG,13.333333333333334,74.3525,22.2625,3.385,0.0
DGLE,25.0,70.81,16.11,13.075000000000001,0.005
DGR,19.38,64.665,31.835,3.5,0.0
DHD,23.44558333333333,61.61166666666667,30.205000000000002,8.18,0.0016666666666666668
DHN,8.875,88.125,8.5175,3.3575,0.0
DHO,19.5,70.7075,23.1025,6.1875,0.0025
DJG,37.0,32.295,53.33,14.375,0.0
DKAE,149.0,0.0,26.925,73.075,0.0
DKZ,33.0,49.04,40.275,10.685,0.005
DLGN,34.769,30.77,61.540000000000006,7.69,0.0
DLN,22.5,46.665,41.67,11.665,0.0
DMM,21.871933333333335,78.69166666666666,13.938333333333333,7.368333333333333,0.0
DMV,29.32525,42.7375,47.795,9.4675,0.0
DNR,5.0,90.83500000000001,5.0,4.1675,0.0
DPJ,42.0,23.33,53.33,23.33,0.01
DPU,31.940275,43.542500000000004,45.7725,10.685,0.0
DQG,78.75,25.32,42.76,31.82,0.1
DR,21.5,65.494,29.137,5.369,0.0
DRD,23.5,46.03,49.455,4.5200000000000005,0.0
DRH,22.0,60.91,29.13,7.35,2.61
DUD,45.8811,21.665,61.665,16.665,0.0
ED,29.1,49.338,44.32899999999999,6.3340000000000005,0.0
EE,86.8670125,6.6075,45.4225,47.9,0.07
ERL,39.88195,13.335,81.66499999999999,5.0,0.0
ERN,41.8125,32.525,54.919999999999995,12.555,0.0
ERS,35.0,15.0,71.66499999999999,13.329999999999998,0.005
ET,33.5,66.7875,20.8575,12.3575,0.00125
FA,11.0,75.0,23.335,1.665,0.0
FDB,32.115457142857146,63.82142857142857,23.032857142857143,13.144285714285715,0.0014285714285714286
FDK,39.0,59.18000000000001,23.425,17.395000000000003,0.0
FKG,14.5,83.89,9.975,6.135000000000001,0.0
FKM,36.0,28.064999999999998,59.07,12.870000000000001,0.0
FLK,29.0315,46.769999999999996,38.81,14.225000000000001,0.195
FUT,55.5,1.235,72.92500000000001,23.65,2.19
FZR,19.5,75.75,16.435,7.805,0.005
GAYA,14.0,86.27,8.307500000000001,5.4225,0.0
GBD,40.6495,20.0,65.0,15.0,0.0
GDA,16.708775000000003,83.78999999999999,7.545,8.665,0.0
GDR,58.166666666666664,38.538333333333334,37.695,23.53833333333333,0.22833333333333336
GDYA,43.0,40.0,33.33,26.67,0.0
GGC,29.5,63.4225,24.942500000000003,11.6325,0.005
GGN,10.5,95.0,3.335,1.665,0.0
GHY,55.10158333333334,45.571666666666665,33.25833333333333,21.168333333333333,0.0016666666666666668
GJUT,28.3932,56.85,29.45,13.7,0.0
GNA,35.0,58.22,28.905,12.88,0.0
GOGH,10.5,1.3399999999999999,0.38,0.0,98.28
GTL,31.375,45.088750000000005,46.62,8.29,0.00125
GUR,43.5,31.67,48.335,20.0,0.0
GUV,11.0,85.0,6.665,8.335,0.0
GWL,28.272664285714285,54.816428571428574,38.146428571428565,6.996428571428572,0.04071428571428572
GY,26.0,36.83,59.06,4.11,0.0
GYM,14.5,55.0,45.0,0.0,0.0
GZB,37.5,60.0,21.665,18.33,0.005
HAD,51.5,3.335,68.33500000000001,28.33,0.0
HAN,29.151725,60.5925,27.705,11.7025,0.0
HCR,24.7898,56.769999999999996,31.119999999999997,12.110000000000001,0.0
HD,49.0,23.015,58.084999999999994,18.9,0.0
HJI,29.0,45.315,43.754999999999995,10.93,0.0
HSRA,37.8,16.665,71.66499999999999,11.665,0.005
HTZ,41.98245,21.92,52.72,23.169999999999998,2.19
HUP,36.765975,50.835,36.25,12.915,0.0
HWH,56.98692777777777,72.22055555555556,9.515555555555556,17.044444444444444,1.22
HX,26.999499999999998,38.335,58.239999999999995,3.425,0.0
IGP,30.5,58.33,35.0,6.665,0.005
IJK,35.5,33.335,51.665,15.0,0.0
IPM,111.5,15.615,22.005,62.24,0.14
JAJ,73.0,75.0,0.0,25.0,0.0
JBP,40.5,30.0,55.0,15.0,0.005
JEUR,35.5,15.385,76.92500000000001,7.69,0.0
JHL,38.5,49.585,33.7,16.715,0.0
JIND,40.545100000000005,40.410000000000004,42.6,16.990000000000002,0.0
JJKR,90.66666666666667,9.53,23.944999999999997,66.48166666666667,0.045000000000000005
JL,37.0,25.5825,66.6,7.82,0.0
JMP,25.0,59.269999999999996,29.11,9.020000000000001,2.6
JP,14.9995,71.67,26.665,1.665,0.0
JPE,75.5,32.722500000000004,34.975,32.3025,0.0
JRC,20.0,62.739999999999995,32.33,4.93,0.005
JRLE,24.5,73.485,13.635,12.885,0.0
JSME,49.0,61.25,26.25,12.5,0.0
JTJ,28.19447857142857,71.70857142857143,15.242142857142857,13.049285714285716,0.0
JTRD,32.0,15.385,76.92500000000001,7.69,0.0
JUC,22.25,70.765,21.975,7.26,0.0
KAMG,28.5,57.165,31.115000000000002,11.34,0.38
KAWR,49.5,18.75,51.39,29.86,0.0
KDG,20.5,42.305,53.85,3.845,0.0
KEM,35.0,19.23,73.08,7.69,0.0
KGLE,30.50575,57.405,29.52,13.075,0.0
KGP,99.5,7.245,40.63,52.080000000000005,0.045000000000000005
KGQ,39.0,37.5,45.14,17.36,0.0
KIR,10.0,86.66499999999999,10.0,3.33,0.005
KIUL,36.0625,44.3775,31.825,22.7,1.0975
KJH,21.031100000000002,58.995,31.05,7.35,2.6
KJM,62.08918333333333,37.221666666666664,39.785000000000004,22.991666666666664,0.0016666666666666668
KJT,27.7624,41.18,52.94,5.88,0.0
KKDE,29.0,41.370000000000005,51.915,6.715,0.0
KKN,47.5,37.125,42.33,20.545,0.0
KKP,30.76585,47.395,36.985,15.615,0.0
KLBG,33.9634375,37.55875,51.37375,11.067499999999999,0.0
KMC,43.0,15.0,65.0,20.0,0.0
KMT,48.5,32.8875,44.12,22.7175,0.275
KNE,51.02105,35.0325,34.7775,16.72875,13.4625
KNW,27.5,75.345,12.190000000000001,12.47,0.0
KOJ,62.5,42.13,35.31,22.558333333333334,0.0016666666666666668
KON,27.0,20.0,76.67,3.33,0.0
KOO,51.95485,1.645,75.96000000000001,20.205,2.19
KOTA,21.75,64.6575,27.7675,7.576250000000001,0.00125
KOU,35.5,13.335,38.17,0.0,48.495
KOV,13.5,69.23,30.77,0.0,0.0
KPD,30.541666666666668,67.89333333333333,22.465,9.640555555555556,0.0011111111111111111
KPN,36.75,54.582499999999996,33.335,12.0825,0.0
KQN,20.0625,54.32666666666666,38.684999999999995,6.988333333333333,0.0016666666666666668
KQR,18.875,69.3,24.45,6.25,0.0
KRD,22.5,46.15,50.0,3.845,0.005
KRG,25.5,38.46,53.85,7.69,0.0
KRR,16.75,67.4875,23.137500000000003,9.375,0.0
KRY,25.0,48.16,45.769999999999996,6.0649999999999995,0.005
KSN,37.0,40.0,20.0,10.0,30.0
KSRA,24.0,38.2,59.61,1.92,0.27
KSV,38.5,34.245000000000005,50.55,15.205000000000002,0.0
KTE,53.5,1.665,80.0,18.335,0.0
KTYM,44.8007,45.370000000000005,43.0125,11.620000000000001,0.0
KUH,15.0,81.505,15.89,2.465,0.14
KUN,27.5,42.74,51.370000000000005,5.755,0.14
KUR,94.83333333333333,3.275,34.73166666666666,61.945,0.04833333333333334
KVK,31.5,50.0,38.46,11.54,0.0
KVU,53.0,6.67,70.0,23.33,0.0
KWAE,19.95475,72.72999999999999,15.150000000000002,12.115,0.005
KWV,31.5,31.4625,60.915,7.62375,0.0
KYJ,45.184,42.73833333333334,40.946666666666665,16.315,0.0
KYN,67.73308333333334,37.74388888888889,47.367222222222225,14.846666666666668,0.042222222222222223
KYQ,70.75,49.265,20.067500000000003,30.6675,0.0
KZT,34.5,11.665,83.33,5.0,0.005
LAR,27.25025,49.7375,43.335,6.86,0.0675
LDH,25.0,63.47,29.4075,7.1225000000000005,0.0
LHU,24.0,51.105,42.83,6.0649999999999995,0.0
LKA,27.5,48.96,39.92,11.125,0.0
LKR,40.590199999999996,38.925,42.785,16.095,2.19
LMG,31.5,42.6725,46.45,10.877500000000001,0.0
LNL,24.0,34.0225,59.1375,5.470000000000001,1.37
LPI,22.0,86.67,6.665,6.665,0.0
LSR,33.38245,50.0,43.335,6.665,0.0
LTT,17.67748333333333,74.84166666666667,15.540000000000001,9.621666666666668,0.0
MAJN,27.5625,37.5,50.695,11.805,0.0
MALM,32.2134625,46.144999999999996,44.435,9.41875,0.0
MAO,38.0,24.305,57.64,18.055,0.0
MAP,13.75,62.5,35.835,1.6675,0.0
MAS,13.516649999999998,87.92999999999999,5.4925,6.467499999999999,0.11000000000000001
MAUR,41.5,48.769999999999996,31.645,19.59,0.0
MBM,5.333333333333333,94.15666666666668,4.93,0.64,0.2733333333333334
MDP,40.0,61.25,26.25,12.5,0.0
MDU,8.9,80.897,17.025,2.0780000000000003,0.0
MEJ,17.5,60.0,38.33,1.665,0.005
MGN,25.25,61.0975,29.06,9.84,0.0025
MKA,53.1875,5.48,64.5475,28.8775,1.095
MLDT,45.5,65.45166666666667,12.241666666666667,22.30666666666667,0.0016666666666666668
MLMR,13.038516666666666,44.98333333333333,26.705,0.4566666666666667,27.855
MLO,33.5,62.5,25.0,12.5,0.0
MMCT,7.5,88.48375,3.49125,2.2725,5.75375
MMR,42.75,33.48,54.3375,12.1125,0.07250000000000001
MNE,16.0,75.0,21.665,3.33,0.005
MONR,12.0,68.33500000000001,31.665,0.0,0.0
MOZ,36.0,61.665,23.335,15.0,0.0
MPA,11.25,79.2475,19.8525,0.9,0.0
MPL,31.0,20.77,73.16,6.0649999999999995,0.005
MRA,31.0,40.035,51.4475,8.517500000000002,0.0
MRJ,6.0,88.46000000000001,11.54,0.0,0.0
MS,1.375,97.6,1.92,0.445,0.036250000000000004
MSDG,30.884500000000003,23.075,69.23,7.69,0.005
MSH,7.0,90.0,8.33,1.665,0.005
MSR,25.0,23.075,73.075,3.845,0.005
MSZ,41.5,47.265,34.11,18.63,0.0
MTC,36.5,61.665,23.335,15.0,0.0
MTJ,29.25,57.873333333333335,31.867500000000003,10.259166666666667,0.0
MUE,31.5311,53.33,35.0,11.665,0.0
MURI,3.0,96.0,4.0,0.0,0.0
MUT,36.5,63.335,21.67,15.0,0.0
MVLK,66.0,48.36,35.48,16.165,0.0
MVO,45.0,36.665,45.0,18.335,0.0
MXN,30.25,43.07,47.8425,9.084999999999999,0.0025
MYR,49.5,15.0,71.66499999999999,13.335,0.0
MZL,38.5,28.33,50.0,21.665,0.005
MZP,25.0,51.665,40.0,8.335,0.0
NAD,14.677033333333334,86.575,7.335,6.086666666666667,0.0016666666666666668
NAM,37.0,28.45,57.365,14.190000000000001,0.0
NBQ,50.333333333333336,63.73666666666667,15.030000000000001,21.235,0.0
NCB,57.833333333333336,42.553333333333335,34.88333333333333,22.560000000000002,0.0033333333333333335
NCJ,0.5,100.0,0.0,0.0,0.0
ND,8.0,90.0,10.0,0.0,0.0
NDAE,26.829349999999998,65.255,23.584999999999997,11.15,0.005
NDD,124.0,6.985,22.005,70.87,0.14
NDLS,16.083333333333332,81.79083333333334,12.730833333333335,5.477916666666666,0.0008333333333333334
NDPM,34.0,55.89,29.314999999999998,14.795,0.0
NED,33.0,43.335,45.0,11.665,0.0
NFK,68.75,55.972500000000004,8.55,35.480000000000004,0.0025
NGP,68.48125,42.842,32.937,24.058,0.16299999999999998
NHK,39.5,25.564999999999998,59.675,14.764999999999999,0.0
NILE,26.0,69.655,17.27,13.075,0.0
NJP,42.875,65.11125,18.64125,16.2475,0.0
NJT,33.0,30.0,65.0,5.0,0.0
NK,39.13531666666667,25.006666666666664,66.87166666666667,8.028333333333334,0.09333333333333334
NLR,68.16666666666667,21.003333333333334,51.94,26.828333333333333,0.22999999999999998
NLV,26.5,49.730000000000004,40.485,8.06,1.7249999999999999
NMKL,23.79075,47.5725,46.177499999999995,6.25,0.0
NMX,33.5,43.155,41.855000000000004,14.8,0.19
NNA,14.5,73.33500000000001,23.335,3.33,0.0
NNN,17.0,58.332499999999996,40.0,1.665,0.0025
NOQ,74.75,39.5375,29.6975,30.4775,0.2875
NRW,43.0,32.465,49.86,17.669999999999998,0.005
NTSK,32.5,44.055,45.64,10.3,0.005
NU,47.91805,10.0,73.33500000000001,16.67,0.0
NVS,25.436049999999998,48.215,48.22,3.5650000000000004,0.0
NWP,97.5,11.145,38.035,50.685,0.135
NYY,36.76755,5.0,90.0,5.0,0.0
NZB,48.5,10.0,66.66499999999999,23.335,0.0
NZM,15.685714285714285,79.87714285714286,12.937857142857142,7.1850000000000005,0.0
ODC,12.5,68.33,31.67,0.0,0.0
OGL,60.390775,17.088333333333335,54.70166666666666,28.159999999999997,0.04833333333333334
OTP,67.0,43.425,38.085,18.49,0.0
PAK,32.0,5.88,88.05,6.0649999999999995,0.005
PAU,29.1495,48.335,43.33,8.335,0.0
PBL,28.5,42.41,45.88,9.985,1.725
PBN,39.0,45.0,38.335,16.665,0.0
PCOI,49.0,26.665,43.335,30.0,0.0
PER,43.25378,39.268,45.972,14.651,0.11000000000000001
PGT,33.75,67.535,23.560000000000002,8.905,0.0
PGTN,2.0,100.0,0.0,0.0,0.0
PGW,21.84435,59.040000000000006,35.89,5.07,0.0
PIL,24.9697,35.295,58.64,6.0649999999999995,0.0
PLNI,14.0005,75.0,25.0,0.0,0.0
PNBE,29.416666666666668,46.346666666666664,38.54666666666667,14.376666666666667,0.73
PNC,52.0,6.645,70.16,21.005000000000003,2.19
PNDM,13.5,65.0,33.335,1.665,0.0
PNME,20.0,73.075,23.075,3.845,0.005
PNP,26.0,44.93,50.41,4.66,0.0
PNQ,22.0,66.66499999999999,18.335,15.0,0.0
PNU,2.0,93.33500000000001,5.0,1.665,0.0
PNVL,27.0,36.805,57.64,5.555,0.0
POY,4.5,90.0,10.0,0.0,0.0
PPI,35.95,30.0,55.0,15.0,0.0
PPTA,8.0,93.33500000000001,3.335,3.33,0.0
PRYJ,38.666666666666664,68.82666666666667,12.672222222222222,8.544444444444444,9.956666666666669
PSA,89.0,15.6,26.91,57.4225,0.0675
PTU,54.2505,18.33,51.67,30.0,0.0
PUNE,23.53639,45.1,49.614,5.285,0.002
PUT,19.0,53.405,43.72,2.875,0.0
PVR,19.575850000000003,61.54,34.615,3.845,0.0
PVU,46.0,6.67,75.0,18.33,0.0
QLN,43.43998333333334,46.471666666666664,39.99,13.534999999999998,0.0033333333333333335
RASP,13.5,66.66499999999999,33.335,0.0,0.0
RC,27.861912500000003,52.40375,39.40875,8.1875,0.00125
RDM,66.5,8.399999999999999,64.965,26.3575,0.27749999999999997
RGO,29.0,60.0,33.335,6.665,0.0
RJP,31.0,22.605,73.56,3.835,0.0
RJY,104.06341666666667,2.7583333333333333,29.921666666666667,67.27333333333333,0.04583333333333334
RKM,41.0,32.33,52.19,15.48,0.0
RKMP,17.75,72.0425,21.11,6.85,0.0
RMA,26.0,70.0575,18.87,11.075000000000001,0.0
RN,62.0,11.805,29.86,58.335,0.0
RNC,1.0,96.0,4.0,0.0,0.0
RNG,14.5,66.0,32.0,2.0,0.0
RNY,59.913333333333334,50.541666666666664,27.926666666666666,20.956666666666667,0.575
ROK,39.5,39.59,43.15,17.26,0.005
RPH,132.0,34.615,7.69,57.69,0.005
RTGH,36.192899999999995,34.19,47.98,17.83,0.0
RTM,18.574875,75.9425,17.62125,6.43875,0.0
RU,48.166666666666664,39.44333333333333,43.544999999999995,16.946666666666665,0.065
SA,24.77400714285714,52.81642857142857,42.402142857142856,4.781428571428571,0.0014285714285714286
SADP,24.5,44.474999999999994,50.57,4.955,0.005
SALE,29.5,56.225,30.505,13.264999999999999,0.005
SASN,17.0,70.685,26.025,3.29,0.0
SBC,25.0,53.33,36.665,10.0,0.005
SBE,29.0,43.54,43.595,11.14,1.725
SBIB,3.5,98.33500000000001,0.0,1.665,0.0
SC,31.4995,61.67,30.0,8.335,0.0
SDAH,18.5,91.98,2.395,5.625,0.0
SDB,26.25,49.33,42.725,7.94,0.005
SDGH,36.0,34.375,47.795,17.83,0.0
SDLP,26.0,47.98,37.13,14.89,0.0
SDN,16.0,55.7325,43.0925,1.175,0.0
SEGM,56.5,18.5975,60.58,20.5475,0.27749999999999997
SELU,46.5,33.335,45.0,21.665,0.0
SGG,23.0,65.82,22.555,9.020000000000001,2.605
SGLA,30.5,7.69,84.61500000000001,7.69,0.005
SGZ,23.5,62.5325,26.939999999999998,10.522499999999999,0.0025
SHM,26.85,6.665,0.0,3.335,90.0
SKF,38.76755,65.0,20.0,15.0,0.0
SKZR,38.5,3.33,26.665,6.665,63.34
SLGR,43.0,20.345,57.57,22.09,0.0
SLI,11.0,80.77000000000001,19.23,0.0,0.0
SLO,126.5,8.22,11.735,79.91,0.135
SLY,22.7795,44.9,52.7025,2.395,0.0025
SM,29.5,57.144999999999996,29.975,12.88,0.0
SMVB,46.833333333333336,67.52833333333334,9.541666666666666,22.868333333333336,0.06333333333333334
SMVJ,25.329575,20.82,21.11,9.1675,48.905
SNP,24.5,47.945,48.215,3.835,0.005
SNSI,21.0,87.5,0.0,12.5,0.0
SPT,109.0,20.82,17.35,61.69,0.14
SRC,76.33333333333333,35.43333333333333,24.473333333333333,40.0,0.09333333333333334
SRE,26.0,75.0,13.335,11.665,0.0
SRGM,28.0,43.335,46.67,10.0,0.0
SRR,17.0,65.28,28.47,6.25,0.0
SRT,12.583333333333334,73.83,25.43166666666667,0.7383333333333333,0.0016666666666666668
SRTL,53.0,5.0,58.335,36.665,0.0
SSB,34.5,48.22,38.355000000000004,13.424999999999999,0.0
SSPN,23.26225,57.917500000000004,31.665,10.4175,0.0
ST,13.7,85.36800000000001,10.591,4.042,0.0
STA,41.0,28.335,60.0,11.670000000000002,0.0
STR,1.0,92.31,7.69,0.0,0.0
SUR,29.9,41.111000000000004,52.029999999999994,6.858,0.001
SWM,25.166666666666668,61.546666666666674,29.315,9.14,0.0
SZM,26.227800000000002,45.065000000000005,50.41,4.52,0.0
SZR,30.0,50.535,38.15,11.31,0.005
TATA,338.5,3.365,21.875,74.52000000000001,0.24
TBM,12.375,63.97375,35.20375,0.72,0.10250000000000001
TCR,37.0,47.70666666666667,39.875,12.418333333333335,0.0
TDD,89.6168875,6.1975,41.54,52.1925,0.07
TEL,94.1645,15.89,30.045,53.925,0.1375
TEN,4.0,90.91125,8.1225,0.96625,0.0
TGN,24.5,19.23,80.77000000000001,0.0,0.0
TIHU,27.0,46.26,42.8,9.215,1.7249999999999999
TIR,22.5,36.11,57.64,6.25,0.0
TKR,16.0,69.23,30.77,0.0,0.0
TMV,16.75,53.825,45.5575,0.5475,0.07
TNA,26.428571428571427,52.417857142857144,39.16428571428571,8.419285714285714,0.0
TPJ,10.875,80.82625,17.33625,1.8375,0.00125
TPT,29.03125,38.42,52.205,9.375,0.0
TPTY,67.0,34.93,45.205,19.86,0.005
TRL,10.0,78.33500000000001,21.665,0.0,0.0
TRT,15.0,73.265,23.72,3.015,0.0
TRVL,42.28125,52.845,35.81,11.345,0.0
TU,26.5,36.255,60.185,3.56,0.0
TUN,33.71675,45.89,36.305,17.81,0.0
TUNI,118.0,8.79,22.555,68.515,0.14
TUP,19.56466,55.794000000000004,37.79,6.416000000000001,0.001
TVC,39.75,44.4525,46.335,9.2125,0.0
TVCN,5.875,93.75,6.25,0.0,0.0
TVP,107.0,55.89,17.26,26.85,0.0
UD,34.0,25.0,63.195,11.805,0.0
UDT,7.5,80.0,20.0,0.0,0.0
UMB,20.5,78.14,15.215,6.645,0.0
UMRI,45.5,16.67,68.33,15.0,0.0
URI,21.5,38.46,57.69,3.845,0.005
VAK,54.591225,29.8525,54.087500000000006,16.06,0.0025
VAPI,17.333333333333332,58.435,38.99333333333333,2.5716666666666668,0.0
VARD,67.5,37.67,45.34,16.990000000000002,0.0
VGLJ,20.428571428571427,75.75785714285713,18.380714285714284,5.802142857142857,0.060000000000000005
VLY,15.0,58.332499999999996,40.0,1.665,0.0025
VM,9.25,83.95,15.6375,0.41,0.0025
VPT,11.375,73.79875,25.2,1.0,0.0025
VRI,20.7,56.423333333333325,36.455000000000005,7.123333333333334,0.0
VSKP,74.33333333333333,32.86833333333333,26.12,40.965,0.04666666666666667
VZM,77.02199166666666,24.893333333333334,26.396666666666665,48.60333333333333,0.10833333333333334
WADI,17.375,78.45875,14.395,7.14625,0.0
WL,55.25,23.44,51.32,24.96625,0.27375
YA,28.0,35.46,60.980000000000004,3.56,0.0
YG,25.166666666666668,49.28333333333333,43.593333333333334,7.121666666666666,0.0016666666666666668
YJUD,29.0,68.33500000000001,21.665,10.0,0.0
YNK,39.0,50.0,37.5,12.5,0.0
